id,elec_name,party_name,Area Name,Ward Number,name,nid,candidate_type
136,National Election 2021,BNP,BRAH-8,,Atm Rahat Uddin Nagari,18201003,MP
137,National Election 2021,AL,BRAH-8,,Fariha Tanjim,18201004,MP
138,National Election 2021,BNP,DHAK-18,,Aysha Akter Nezla,18201006,MP
139,National Election 2021,COMMUNIST,DHAK-18,,Sakal Sarkar,18201007,MP
140,National Election 2021,AL,DHAK-18,,Al Amin,18201008,MP
141,National Election 2021,JP,DHAK-18,,Anamika Sultana,18201009,MP
142,National Election 2021,SELF PARTY,DHAK-18,,Protiva Arafin,18201011,MP
